family,stem,dataset,setting,seed,record_n,record_mse_norm,record_rmse_norm,record_mae_norm,record_ci,record_mse_raw,record_rmse_raw,record_mae_raw,unique_n,unique_mse_norm,unique_rmse_norm,unique_mae_norm,unique_ci,unique_mse_raw,unique_rmse_raw,unique_mae_raw,plan__fusion,plan__baseline,plan__variant
primary,kiba_warm_concat_seed42,KIBA,warm,42,11803,0.0006773397629073036,0.02602575191819256,0.015837280775827443,0.8522478008612806,0.20038837787128733,0.44764760456332986,0.2724040721044568,11759,0.0006742467119315852,0.02596626103102996,0.01578933582061759,0.8520795921703878,0.19947331057177278,0.44662435062563793,0.27157941026882365,concat,,
primary,kiba_warm_concat_seed123,KIBA,warm,123,11803,0.000664805017539747,0.02578381309154538,0.015775568354668118,0.854356807490778,0.1966800214026622,0.4434862133174629,0.2713426073832602,11759,0.0006626525170836821,0.025742037935712902,0.015723245858219707,0.8541224059812546,0.19604321237655886,0.4427676731385873,0.270442651052564,concat,,
primary,kiba_warm_concat_seed2026,KIBA,warm,2026,11803,0.0006507384354251512,0.025509575367401772,0.015964629227838548,0.8542871252837037,0.19251847689206344,0.4387692752370697,0.2745944883378402,11759,0.0006484357400972494,0.025464401428214434,0.01592311730262462,0.8540008671119033,0.19183723328765812,0.4379922753744158,0.27388047577285307,concat,,
primary,kiba_warm_product_seed42,KIBA,warm,42,11803,0.0006449262303341754,0.02539539781799402,0.015570456412225762,0.8539550908576868,0.19079895824895785,0.4368054008926147,0.26781464515606823,11759,0.0006423598538164745,0.025344819072474642,0.015524596258828065,0.8537305792927448,0.19003970557319336,0.4359354373908978,0.267025842285822,product,,
primary,kiba_warm_product_seed123,KIBA,warm,123,11803,0.0006363906225172168,0.02522678383221327,0.015375380408791155,0.8537864732790298,0.1882737313270299,0.4339052100713126,0.2644593028812405,11759,0.0006328475410052234,0.025156461217850642,0.015320669001591838,0.8536427451224343,0.18722552421483163,0.4326956484815067,0.26351825685682406,product,,
primary,kiba_warm_product_seed2026,KIBA,warm,2026,11803,0.0006451170577565166,0.025399154666179674,0.015261432593892734,0.8559608724613199,0.19085541381189744,0.43687001935575465,0.2624993800115828,11759,0.0006421559242615388,0.025340795651706337,0.015206684184606082,0.8558147628295338,0.18997937379444446,0.4358662338314869,0.2615576975446224,product,,
primary,kiba_warm_attention_seed42,KIBA,warm,42,11803,0.0007174478982062129,0.026785217904773763,0.016664670229382325,0.8445783697288102,0.21225421627636332,0.4607105558551522,0.2866353192203529,11759,0.0007146495783414889,0.02673293059770082,0.016615491232292404,0.8443488617802268,0.21142634404862024,0.4598112047880306,0.2857894316428745,attention,,
primary,kiba_warm_attention_seed123,KIBA,warm,123,11803,0.0007167909012005455,0.02677295092440401,0.016353747705418226,0.8450212290814629,0.2120598462254056,0.46049956159089406,0.28128739599819913,11759,0.0007140934668319667,0.026722527328678452,0.01630449164538943,0.8447654506364161,0.21126182058578616,0.45963226669347984,0.28044018292433953,attention,,
primary,kiba_warm_attention_seed2026,KIBA,warm,2026,11803,0.0007128164808160881,0.02669862320075865,0.01670759503724039,0.8443746301312028,0.21088402915776214,0.45922111140251615,0.2873736336204288,11759,0.0007104831042650934,0.026654888937399333,0.01666378582664192,0.8440401799791151,0.21019370863086767,0.4584688742225231,0.2866201073344693,attention,,
primary,kiba_cold_drug_concat_seed42,KIBA,cold_drug,42,11800,0.0011232092197815237,0.033514313655235786,0.021661160820621556,0.7720752089739765,0.332170834159663,0.5763426360765469,0.37250503340935026,11800,0.0011232091133352466,0.03351431206716388,0.021661158001566816,0.7720721424627295,0.33217080267991006,0.5763426087666172,0.37250498493031947,concat,,
primary,kiba_cold_drug_concat_seed123,KIBA,cold_drug,123,11800,0.0010956523030724128,0.03310063901305249,0.02075496387178615,0.7772518870172299,0.3240213248350207,0.5692287104802609,0.3569212460261726,11800,0.001095652226730184,0.033100637859868866,0.02075496148372967,0.7772497378777065,0.3240213022580498,0.5692286906490658,0.35692120495898005,concat,,
primary,kiba_cold_drug_concat_seed2026,KIBA,cold_drug,2026,11800,0.0010919879282454473,0.03304524062925624,0.020986965945211506,0.7784170419519761,0.32293764565797156,0.568276029459251,0.36091096480569784,11800,0.0010919878329606946,0.03304523918752434,0.02098696325761058,0.7784170233011172,0.3229376174790577,0.5682760046659173,0.3609109185872665,concat,,
primary,kiba_cold_drug_product_seed42,KIBA,cold_drug,42,11800,0.0011194440291438178,0.033458093626861314,0.021615753441543904,0.7763419951438694,0.3310573403484742,0.575375825307663,0.37172416679742565,11800,0.001119443903728942,0.03345809175265293,0.02161575004757656,0.7763419530689996,0.3310573032590671,0.5753757930770699,0.37172410843167464,product,,
primary,kiba_cold_drug_product_seed123,KIBA,cold_drug,123,11800,0.0010999886554353686,0.03316607687736626,0.021199053773435495,0.775169886986499,0.3253037304245096,0.5703540395443076,0.36455822010251837,11800,0.0010999885563234603,0.03316607538319028,0.02119905121511454,0.7751692647073753,0.32530370111377677,0.5703540138490978,0.36455817610730296,product,,
primary,kiba_cold_drug_product_seed2026,KIBA,cold_drug,2026,11800,0.001081944271855648,0.03289292130315652,0.02135857050196599,0.7745930658755606,0.31996739785172446,0.5656566077150734,0.3673014149286255,11800,0.0010819441699857397,0.03289291975464841,0.021358568202784187,0.7745923737686696,0.319967367725358,0.5656565810855188,0.3673013753898028,product,,
primary,kiba_cold_drug_attention_seed42,KIBA,cold_drug,42,11800,0.0011260463539758344,0.03355661416138157,0.02219944048736055,0.7669384188712195,0.33300987039204943,0.5770700740742405,0.3817617804000883,11800,0.001126046242336246,0.03355661249793021,0.022199437866283294,0.7669352400634115,0.3330098373764592,0.577070045468017,0.3817617353256585,attention,,
primary,kiba_cold_drug_attention_seed123,KIBA,cold_drug,123,11800,0.0011672189747739714,0.034164586559388824,0.022370892859111396,0.7634942483322411,0.3451860024555993,0.587525320693159,0.3847102314086031,11800,0.001167218875802321,0.034164585110934995,0.022370890615225743,0.7634884162524516,0.3451859731863455,0.5875252957842287,0.38471019282070334,attention,,
primary,kiba_cold_drug_attention_seed2026,KIBA,cold_drug,2026,11800,0.0011304860573020533,0.033622701517011584,0.021839299606064618,0.7724491935622004,0.33432284034574894,0.5782065723820069,0.37556847007243976,11800,0.0011304859443540646,0.03362269983737274,0.021839296721374475,0.7724472021230219,0.3343228069432208,0.5782065434974087,0.3755684204646828,attention,,
primary,kiba_cold_target_concat_seed42,KIBA,cold_target,42,19640,0.0015038838587842762,0.038779941448953685,0.02678941956848331,0.6788364805198769,0.44491828690977875,0.6670219538439337,0.4607828252251467,19627,0.0015021917491317932,0.03875811849318531,0.02677611106519009,0.6789069055182426,0.4444176827418113,0.6666465950875406,0.46055391657965344,concat,,
primary,kiba_cold_target_concat_seed123,KIBA,cold_target,123,19640,0.0015435490234464045,0.03928802646413287,0.027906402080583474,0.6474694889347443,0.4566530741464306,0.6757611073052596,0.47999512492939644,19627,0.0015415106727882616,0.03926207677630236,0.027889491449375053,0.6475234502186478,0.45605003590139237,0.6753147680166578,0.47970425903718705,concat,,
primary,kiba_cold_target_concat_seed2026,KIBA,cold_target,2026,19640,0.0014313530697835984,0.03783322706013324,0.02744540220122716,0.6728479322789513,0.42346033043135556,0.6507382964228827,0.47206584425591147,19627,0.0014289993423643908,0.037802107644473885,0.027427703611258656,0.6729377045587643,0.42276398917794705,0.6502030368876687,0.47176142533159154,concat,,
primary,kiba_cold_target_product_seed42,KIBA,cold_target,42,19640,0.0014463675911173127,0.03803113975569642,0.028469553568576843,0.6713976537629628,0.4279023191338387,0.6541424303115023,0.4896814316074482,19627,0.00144474420183454,0.03800979086807161,0.02845466834811026,0.6714634451503578,0.4274220456243783,0.6537752256122729,0.48942540314355554,product,,
primary,kiba_cold_target_product_seed123,KIBA,cold_target,123,19640,0.001485574443985944,0.03854315041594218,0.026424526928520008,0.6676145619477438,0.4395015165795355,0.662949105572619,0.45450660632027884,19627,0.0014837582474906928,0.038519582649487426,0.026408814397925983,0.6677053830360354,0.43896420179379647,0.6625437357592301,0.4542363479736936,product,,
primary,kiba_cold_target_product_seed2026,KIBA,cold_target,2026,19640,0.0016672632489845608,0.040832135003996066,0.02921251781482075,0.6679307951752823,0.4932534545357131,0.7023200513553014,0.5024605500034397,19627,0.0016651865986018867,0.040806697962490014,0.029196430435429226,0.6680061210931676,0.49263908546367785,0.7018825296754991,0.502183844190253,product,,
primary,kiba_cold_target_attention_seed42,KIBA,cold_target,42,19640,0.0014787726530981855,0.03845481313305508,0.027865127684992344,0.6783647708393319,0.4374892327638515,0.6614296884505952,0.4792851979165576,19627,0.0014774889044121635,0.03843811785730622,0.027853064465720744,0.6783993113422113,0.43710944062573415,0.6611425267109462,0.4790777083797622,attention,,
primary,kiba_cold_target_attention_seed123,KIBA,cold_target,123,19640,0.001326557656577006,0.03642193922043424,0.02554188738529648,0.6999729784286167,0.39245700830143326,0.6264638922567152,0.4393250477448014,19627,0.0013247862611429002,0.03639761339899775,0.025526516473970876,0.7001049098153751,0.3919329477382596,0.6260454837615711,0.4390606653109531,attention,,
primary,kiba_cold_target_attention_seed2026,KIBA,cold_target,2026,19640,0.0014764562464588463,0.03842468277629428,0.02801529544798274,0.65917941781002,0.4368039327204063,0.6609114409059706,0.4818681103948056,19627,0.0014749523266714938,0.03840510808045583,0.028001470477390288,0.6592490011063605,0.436359003804167,0.6605747526239305,0.4816303184190606,attention,,
primary,davis_warm_concat_seed42,DAVIS,warm,42,3005,0.007377822044164817,0.0858942491914611,0.047014783468708,0.8558263196523909,0.2478374596391111,0.49783276272169064,0.272492044150911,2559,0.007014487004059254,0.08375253431424778,0.04551207214766022,0.8636384611267081,0.23563222714656856,0.48541964025631323,0.26378250962942235,concat,,
primary,davis_warm_concat_seed123,DAVIS,warm,123,3005,0.007076144521300885,0.08411982240412116,0.04743637039586468,0.8597528437447239,0.23770344035140673,0.48754839795799426,0.2749355113987116,2559,0.006908364327419221,0.08311657071498571,0.046850962310400465,0.8651120180100029,0.23206733029338808,0.48173367153790286,0.27154255637262315,concat,,
primary,davis_warm_concat_seed2026,DAVIS,warm,2026,3005,0.006872296232156053,0.0828993138219856,0.04617493924353203,0.8615529562435539,0.23085572271454782,0.48047447665255627,0.26762440778630125,2559,0.00680876304478976,0.08251522916886167,0.045531062422824384,0.8697480310019141,0.2287215015764693,0.47824836808552657,0.2638925749858207,concat,,
primary,davis_warm_product_seed42,DAVIS,warm,42,3005,0.005926464168600955,0.07698353180129472,0.04097336578622968,0.8666020629451074,0.19908311902832673,0.44618731383615867,0.23747671211256027,2559,0.005567082116138346,0.07461288170375371,0.03949190144622309,0.8803576405616375,0.18701067618692374,0.4324473103014097,0.22889032254397357,product,,
primary,davis_warm_product_seed123,DAVIS,warm,123,3005,0.006289068876921846,0.07930364983354704,0.04235209034726383,0.8648865870076974,0.21126381805108338,0.45963443958333167,0.24546763424894133,2559,0.006143600883550279,0.07838112581195986,0.041592958976718455,0.8718097801108582,0.20637722445744655,0.4542876010386444,0.24106779990584218,product,,
primary,davis_warm_product_seed2026,DAVIS,warm,2026,3005,0.006202557788455318,0.07875631903825443,0.04056850830658638,0.867353294439881,0.20835771808447925,0.45646217596256455,0.23513020673534804,2559,0.005972525816576901,0.07728211834944032,0.039381645531463054,0.8791468013356147,0.20063043228050503,0.44791788564479657,0.22825129249052897,product,,
primary,davis_warm_attention_seed42,DAVIS,warm,42,3005,0.007586861521979055,0.08710259193605581,0.05208195437221616,0.8573329379253152,0.2548595608548408,0.5048361722923991,0.3018607587484793,2559,0.007332080133337915,0.08562756643358443,0.05116722342361289,0.8597352273615211,0.2463008870692503,0.4962871014536347,0.29655908791979396,attention,,
primary,davis_warm_attention_seed123,DAVIS,warm,123,3005,0.007949190196545056,0.08915823123270816,0.050513681619600105,0.8537900120984356,0.2670309872895386,0.5167504110201933,0.2927712380356815,2559,0.00778593041090075,0.08823791934820738,0.04986014504952498,0.857632870839509,0.26154672780305344,0.5114163937566466,0.28898341848684383,attention,,
primary,davis_warm_attention_seed2026,DAVIS,warm,2026,3005,0.00806339974124849,0.089796435014139,0.05050372211797203,0.8330232179739189,0.270867540035918,0.5204493635656767,0.29271351395918616,2559,0.00800241898309049,0.08945624060450165,0.0502379065572074,0.8508249765123032,0.26881906067462746,0.5184776375839439,0.29117287886154536,attention,,
primary,davis_cold_drug_concat_seed42,DAVIS,cold_drug,42,2652,0.016594307313156392,0.12881889346348382,0.07815939819912228,0.6918167912103265,0.5574397084050254,0.7466188508235145,0.4530024943975169,2274,0.014679498636796568,0.12115898083425994,0.07218376209396662,0.6816694263629284,0.49311702412189284,0.7022229162608501,0.4183684244888546,concat,,
primary,davis_cold_drug_concat_seed123,DAVIS,cold_drug,123,2652,0.015064484710153545,0.122737462537538,0.08079152436910104,0.7158811038717589,0.5060495629993647,0.711371606826815,0.4682579818762159,2274,0.013353107984080709,0.11555564886270471,0.07446704461867351,0.7163893184928781,0.44856061060441654,0.669746676441486,0.43160205605381835,concat,,
primary,davis_cold_drug_concat_seed2026,DAVIS,cold_drug,2026,2652,0.015438732043299293,0.12425269431002006,0.06982772814624046,0.6938146923499651,0.5186213636972297,0.7201537083826131,0.4047131344047868,2274,0.01382238137764276,0.11756862412073538,0.064542939358962,0.6856661740309721,0.4643245481242473,0.6814136395202604,0.37408313266267956,concat,,
primary,davis_cold_drug_product_seed42,DAVIS,cold_drug,42,2652,0.02043777024748521,0.1429607297389224,0.11468385677323936,0.7313854388424507,0.6865501808668167,0.8285832371384403,0.6646938740885597,2274,0.018896535125953004,0.1374646686459943,0.10944757369439986,0.7298122106025398,0.6347766635685475,0.7967287264612388,0.6343450056128498,product,,
primary,davis_cold_drug_product_seed123,DAVIS,cold_drug,123,2652,0.016602127872450308,0.12884924474924295,0.09698142428203946,0.7216843490831538,0.5577024183940653,0.7467947632342271,0.5620926993074152,2274,0.014408486689964733,0.12003535599965842,0.09075129867176901,0.7189674626348571,0.48401312977033767,0.6957105215320074,0.5259836387607586,product,,
primary,davis_cold_drug_product_seed2026,DAVIS,cold_drug,2026,2652,0.01773086694313645,0.1331573015014064,0.0786103540764585,0.7101043263482285,0.5956192754556309,0.7717637432891175,0.4556161805568714,2274,0.01590085906842747,0.12609860851106752,0.07196816781882036,0.7052699014156384,0.5341452387992227,0.7308524056190981,0.4171188659371079,product,,
primary,davis_cold_drug_attention_seed42,DAVIS,cold_drug,42,2652,0.015535384763147508,0.12464102359635654,0.07081440363787284,0.7209746330405152,0.5218681436291661,0.7224044183344716,0.41043178717296247,2274,0.013579508727560374,0.11653114917291588,0.0644559988304904,0.7209385256199172,0.4561659153662445,0.6754005591989427,0.37357923579078284,attention,,
primary,davis_cold_drug_attention_seed123,DAVIS,cold_drug,123,2652,0.021517327126421782,0.1466878560972986,0.08564311015766625,0.654969403898554,0.7228148986669943,0.8501852143309682,0.49637719101347694,2274,0.018233585475329977,0.1350317943127839,0.07878253507877181,0.6323109191895389,0.6125067096044238,0.7826280787222138,0.45661412098800264,attention,,
primary,davis_cold_drug_attention_seed2026,DAVIS,cold_drug,2026,2652,0.02024271128107903,0.14227688245487752,0.08013593960064569,0.6650484085825161,0.6799977161388048,0.8246197403281131,0.4644582912153091,2274,0.017141242472749296,0.1309245678730669,0.07141358393700392,0.6512747923985324,0.5758124774592783,0.7588230870626422,0.41390456429707406,attention,,
primary,davis_cold_target_concat_seed42,DAVIS,cold_target,42,4828,0.013650671664128772,0.11683608887723336,0.06198698035378888,0.7992261932448852,0.45855643675778723,0.6771679531385011,0.3592691009326575,4624,0.01358092419930907,0.11653722237684006,0.06179876533355529,0.7985707697252877,0.45621346421199976,0.6754357587602242,0.35817822925742177,concat,,
primary,davis_cold_target_concat_seed123,DAVIS,cold_target,123,4828,0.013644837048335138,0.1168111169723804,0.06784262319353968,0.7893347584263253,0.4583604390300556,0.6770232189741026,0.39320770427182516,4624,0.013583318151856283,0.11654749311699623,0.06775104281148439,0.7873484237937958,0.4562938824050988,0.675495286737886,0.3926769153652471,concat,,
primary,davis_cold_target_concat_seed2026,DAVIS,cold_target,2026,4828,0.01347182076366689,0.11606817291431312,0.06726129355449231,0.7869916539031832,0.45254843703113373,0.6727172043519727,0.3898383874318368,4624,0.013396445859636112,0.1157430164616255,0.06720390775695331,0.7848516426436961,0.4500164262800335,0.6708326365644665,0.38950578623444876,concat,,
primary,davis_cold_target_product_seed42,DAVIS,cold_target,42,4828,0.013483770428403551,0.11611963842694116,0.06088678931362216,0.7998049420699029,0.4529498528601067,0.6730154922883326,0.35289252566477225,4624,0.013387390580332423,0.11570389181152216,0.06076177701488213,0.7979058572855303,0.4497122392983586,0.6706058747866429,0.3521679693802506,product,,
primary,davis_cold_target_product_seed123,DAVIS,cold_target,123,4828,0.013172600748961955,0.11477195105495921,0.06272184560140265,0.7974470300096074,0.4424969709109525,0.6652044579758561,0.3635282917386945,4624,0.013132392123697075,0.11459664970537783,0.06265848241483263,0.7955285847846676,0.44114627371582155,0.6641884323863384,0.3631610463116497,product,,
primary,davis_cold_target_product_seed2026,DAVIS,cold_target,2026,4828,0.013082686657788457,0.11437957272952394,0.06182917952316907,0.7979244685098063,0.4394765565110385,0.6629302802791848,0.35835450625132875,4624,0.012994029997643625,0.1139913593113251,0.06170072422363388,0.7962083686155594,0.4364983820174205,0.6606802418851502,0.35760999474728966,product,,
primary,davis_cold_target_attention_seed42,DAVIS,cold_target,42,4828,0.013371815163849648,0.11563656499502935,0.07223008875958145,0.7949596984014218,0.44918902640018815,0.6702156566361219,0.41863692828448473,4624,0.013231778797940527,0.11502946925871008,0.07198247597923986,0.7934363771427794,0.44448489325950635,0.666697002587762,0.41720179431820625,attention,,
primary,davis_cold_target_attention_seed123,DAVIS,cold_target,123,4828,0.01346175038292195,0.11602478348577924,0.06599017133902384,0.7858504696415372,0.4522101505332372,0.6724657244300539,0.3824711155802249,4624,0.013393677394628876,0.11573105631000209,0.0657062239846728,0.785206943470438,0.44992342738003477,0.6707633169606361,0.3808253907824098,attention,,
primary,davis_cold_target_attention_seed2026,DAVIS,cold_target,2026,4828,0.013782266605126804,0.11739789864016649,0.06924731083080073,0.7847348011925003,0.4629770036517943,0.6804241351185261,0.4013491052829676,4624,0.013725031292749948,0.11715387869272595,0.06920880894216071,0.7824969459896158,0.4610543421486816,0.679009824780674,0.40112595295586667,attention,,
baseline,deepdta_style__kiba_warm_seed42,KIBA,warm,42,11803,0.0006333561423675347,0.02516656794971326,0.015239365432339787,0.8607621268564504,0.18737599198235091,0.4328694860836819,0.2621198208718607,11759,0.0006312259002263223,0.02512420944480288,0.015190955208345939,0.8605610209118151,0.1867457679935534,0.4321409121959565,0.2612871563296281,,deepdta_style,
baseline,deepdta_style__kiba_warm_seed123,KIBA,warm,123,11803,0.0006488439181423642,0.02547241484709222,0.01533844433254603,0.8614493446569881,0.19195799120092774,0.4381301076175064,0.26382399573987253,11759,0.0006468830360918157,0.0254338954171754,0.015296922576618438,0.8612028712915307,0.19137787174711074,0.43746756650877644,0.2631098140848458,,deepdta_style,
baseline,deepdta_style__kiba_warm_seed2026,KIBA,warm,2026,11803,0.0006667379723533238,0.0258212697664798,0.01565202605792004,0.8558103169844966,0.19725187869024938,0.44413047484973306,0.2692176577035981,11759,0.0006643402202807857,0.025774798161785586,0.015604561508729154,0.85564591039605,0.196542512911558,0.4433311549074326,0.26840125893772315,,deepdta_style,
baseline,graphdta_gcn_style__kiba_warm_seed42,KIBA,warm,42,11803,0.0005794235924814581,0.024071219173142398,0.014605130804278917,0.8653876269029684,0.17142025340331785,0.41402929051374837,0.25121087142536647,11759,0.0005767525912827906,0.02401567386693096,0.01455336050313751,0.8652855231692955,0.17063004791590355,0.4130739012766403,0.2503204129530688,,graphdta_gcn_style,
baseline,graphdta_gcn_style__kiba_warm_seed123,KIBA,warm,123,11803,0.0005855424920806424,0.024197985289702167,0.014542633490997544,0.867919153090746,0.17323050644349794,0.4162096904728408,0.25013590641878414,11759,0.0005830272939057459,0.024145958127722866,0.01449350990668213,0.8677671100458882,0.17248639468468288,0.41531481394802533,0.24929097195097386,,graphdta_gcn_style,
baseline,graphdta_gcn_style__kiba_warm_seed2026,KIBA,warm,2026,11803,0.0005870991160367826,0.024230128271158256,0.014896856895657017,0.866030232298977,0.17369102768646716,0.4167625555234865,0.25622861256131985,11759,0.0005846659559950948,0.024179866748911063,0.014851316204469903,0.8658415742061962,0.1729711865955466,0.415898048318992,0.2554453044984384,,graphdta_gcn_style,
baseline,deepdta_style__kiba_cold_drug_seed42,KIBA,cold_drug,42,11800,0.0012047396902655817,0.03470936026874569,0.02235533630948956,0.7599360525413771,0.3562821429996912,0.5968937451504172,0.38444270682464354,11800,0.001204739592563403,0.03470935886131294,0.022355333944850272,0.7599310791778634,0.35628211410586286,0.5968937209469227,0.3844426661601544,,deepdta_style,
baseline,deepdta_style__kiba_cold_drug_seed123,KIBA,cold_drug,123,11800,0.0011989935240008373,0.034626485874267365,0.022207943584959387,0.7597617280309967,0.3545828079089842,0.5954685616461916,0.38190800740432723,11800,0.001198993435228211,0.03462648459240717,0.022207941401003073,0.7597603888851029,0.3545827816559257,0.5954685396021571,0.3819079698470271,,deepdta_style,
baseline,deepdta_style__kiba_cold_drug_seed2026,KIBA,cold_drug,2026,11800,0.0011515120577520483,0.0339339366674727,0.021497651868957583,0.7683971289862617,0.3405409375492912,0.5835588552573693,0.36969318468126494,11800,0.0011515119648150011,0.03393393529809063,0.021497649169482585,0.7683935546397089,0.340540910064673,0.5835588317082289,0.3696931382586362,,deepdta_style,
baseline,graphdta_gcn_style__kiba_cold_drug_seed42,KIBA,cold_drug,42,11800,0.0011957353243574307,0.03457940607294218,0.021866313931295428,0.7592885365341846,0.3536192484275017,0.5946589345393725,0.37603303299249585,11800,0.001195735254464555,0.034579405062328,0.02186631193808101,0.759289071815034,0.3536192277578219,0.5946589171599311,0.37603299871536683,,graphdta_gcn_style,
baseline,graphdta_gcn_style__kiba_cold_drug_seed123,KIBA,cold_drug,123,11800,0.0011764468280764013,0.03429937066589417,0.021923720230490475,0.7639810727048867,0.34791498978492985,0.5898431908439139,0.37702024395393235,11800,0.0011764467229927282,0.03429936913403406,0.021923717742670892,0.7639809347256368,0.3479149587081449,0.5898431645006534,0.37702020117112284,,graphdta_gcn_style,
baseline,graphdta_gcn_style__kiba_cold_drug_seed2026,KIBA,cold_drug,2026,11800,0.0011756105815795156,0.034287178092976905,0.02237029889882621,0.7617965069410868,0.34766768350259036,0.5896335162646289,0.38470001712702745,11800,0.0011756104772203296,0.03428717657113705,0.02237029634460449,0.761796392302374,0.3476676526400606,0.5896334900936857,0.38469997320230626,,graphdta_gcn_style,
baseline,deepdta_style__kiba_cold_target_seed42,KIBA,cold_target,42,19640,0.0011783842574612353,0.03432760197656159,0.024485156204088643,0.7097114340484509,0.3486204749713389,0.5904409157327589,0.4211490817468931,19627,0.0011771817341730956,0.03431008210676704,0.02447598817500696,0.7097029255707296,0.3482647130564789,0.590139570827511,0.42099139000104513,,deepdta_style,
baseline,deepdta_style__kiba_cold_target_seed123,KIBA,cold_target,123,19640,0.0012929960245584215,0.035958253914204756,0.026198175619308914,0.6856346273074373,0.3825279278499175,0.6184884217589829,0.45061332317224073,19627,0.001291452668143886,0.03593678711493121,0.026186797857554536,0.6856293252149103,0.38207133175838043,0.6181191889582303,0.4504176236277797,,deepdta_style,
baseline,deepdta_style__kiba_cold_target_seed2026,KIBA,cold_target,2026,19640,0.0013499319507980121,0.036741420097731826,0.026998491215001783,0.6561056788726096,0.39937220383451255,0.631959020692412,0.4643788950732068,19627,0.0013484942252762135,0.03672184942614156,0.02698710024809112,0.6561464671230751,0.39894685823852877,0.6316224016281633,0.4641829683976876,,deepdta_style,
baseline,graphdta_gcn_style__kiba_cold_target_seed42,KIBA,cold_target,42,19640,0.0012896547732034953,0.03591176371613479,0.0262821091866299,0.6835307610502708,0.38153943141763946,0.617688782007282,0.4520569955960691,19627,0.0012876445444170352,0.03588376435683741,0.02626307745773583,0.683605173554122,0.3809447129207659,0.6172071880015381,0.4517296464429338,,graphdta_gcn_style,
baseline,graphdta_gcn_style__kiba_cold_target_seed123,KIBA,cold_target,123,19640,0.001265589460451584,0.03557512418040989,0.025211595690784534,0.7050682473800413,0.3744198006955013,0.6118985215666902,0.4336439713124973,19627,0.0012645313076538685,0.035560248981888025,0.025201579627415024,0.7050308550716651,0.37410675023798173,0.6116426654820457,0.43347169322467827,,graphdta_gcn_style,
baseline,graphdta_gcn_style__kiba_cold_target_seed2026,KIBA,cold_target,2026,19640,0.001322946203586538,0.03637232744252886,0.025974947994085534,0.6917248174284303,0.3913885737488653,0.6256105607715277,0.44677376794948626,19627,0.0013212053518405805,0.0363483885728182,0.025959719414374697,0.6917551936005449,0.3908735494189936,0.6251988079155251,0.4465118336449601,,graphdta_gcn_style,
baseline,deepdta_style__davis_warm_seed42,DAVIS,warm,42,3005,0.0064509252023590286,0.08031765187279212,0.04537050036392709,0.8624498413556546,0.21670093218622288,0.46551147374283147,0.2629619765566878,2559,0.00612730654411947,0.07827711379528163,0.04348388593161604,0.8721463294282538,0.20582986133769995,0.4536847598693392,0.2520273856630125,,deepdta_style,
baseline,deepdta_style__davis_warm_seed123,DAVIS,warm,123,3005,0.005654295325714239,0.07519504854519504,0.04064160227030206,0.8698173774825632,0.18994036196395572,0.435821479466026,0.2355538505792303,2559,0.0054286334579862336,0.07367926070466664,0.03877692428305238,0.8821357530429411,0.18235987768277692,0.4270361550065485,0.2247464006891961,,deepdta_style,
baseline,deepdta_style__davis_warm_seed2026,DAVIS,warm,2026,3005,0.005966678404645554,0.0772442774880156,0.04237116873163587,0.8765519983413859,0.20043400470203362,0.4476985645521254,0.2455782102757371,2559,0.005722454655146838,0.07564690776989393,0.04095895529741274,0.8791141923523936,0.19222998550816162,0.438440401318311,0.23739319064834763,,deepdta_style,
baseline,graphdta_gcn_style__davis_warm_seed42,DAVIS,warm,42,3005,0.006927876088275445,0.08323386383122824,0.04706482429099199,0.8656885566994977,0.23272277375824055,0.48241348836681647,0.27278207475297117,2559,0.006334410547343418,0.07958901021713626,0.04424266430061874,0.8742203838138851,0.2127869456551117,0.4612883541290759,0.25642517405152343,,graphdta_gcn_style,
baseline,graphdta_gcn_style__davis_warm_seed123,DAVIS,warm,123,3005,0.005992523986449144,0.07741139442258578,0.043083779516547745,0.8693557036294433,0.20130221530656597,0.44866715425420434,0.2497084168860443,2559,0.005682601626724667,0.07538303275090932,0.041648991466582276,0.8754509114826075,0.19089123360225352,0.436911013368001,0.24139255749431474,,graphdta_gcn_style,
baseline,graphdta_gcn_style__davis_warm_seed2026,DAVIS,warm,2026,3005,0.006390486142318016,0.07994051627502799,0.04473518692104211,0.8672616595064573,0.214670649670072,0.4633256410669196,0.2592797760666333,2559,0.0061904889482532225,0.07867966032116065,0.043204846456572375,0.8774148336418881,0.20795229888643232,0.45601787123580184,0.25041010634481564,,graphdta_gcn_style,
baseline,deepdta_style__davis_cold_drug_seed42,DAVIS,cold_drug,42,2652,0.01693831618911833,0.13014728652230262,0.07580499075490807,0.6822313952619019,0.5689957320392827,0.754318057611829,0.4393566313326565,2274,0.015077341604828386,0.1227898269598438,0.0701956101264589,0.6662161677104613,0.5064814547007347,0.711675104735816,0.40684533422365293,,deepdta_style,
baseline,deepdta_style__davis_cold_drug_seed123,DAVIS,cold_drug,123,2652,0.0181890168166582,0.13486666310344525,0.0843178147273096,0.6560136496867809,0.6110095491851817,0.7816709980453296,0.48869593770807546,2274,0.015111157462435775,0.12292744796194126,0.07633279801008955,0.6428076489104532,0.5076174046050242,0.712472739552205,0.4424157388573738,,deepdta_style,
baseline,deepdta_style__davis_cold_drug_seed2026,DAVIS,cold_drug,2026,2652,0.023842656366556546,0.15441067439317965,0.09512840482640905,0.48973108283403993,0.8009278821802454,0.8949457425901558,0.5513528208678558,2274,0.01902062318714512,0.13791527539451573,0.08574158361099515,0.48580928287953107,0.6389450576655181,0.7993403891118714,0.49694793133412635,,deepdta_style,
baseline,graphdta_gcn_style__davis_cold_drug_seed42,DAVIS,cold_drug,42,2652,0.019693281918026898,0.14033275425939198,0.08646491712077238,0.6664012621539895,0.6615411612402391,0.8133518065635799,0.5011402855712407,2274,0.016587737224944138,0.12879338967875695,0.07838168177298686,0.6479296035557165,0.5572190045221744,0.7464710339471816,0.4542908233220528,,graphdta_gcn_style,
baseline,graphdta_gcn_style__davis_cold_drug_seed123,DAVIS,cold_drug,123,2652,0.021160062996207905,0.14546498890182444,0.08828950221306149,0.6753904529685558,0.7108136015467399,0.843097622785606,0.5117153618524288,2274,0.01788958125003172,0.13375193923839654,0.07969301609449228,0.6575531664198286,0.6009508421963082,0.7752101922680765,0.4618911597156063,,graphdta_gcn_style,
baseline,graphdta_gcn_style__davis_cold_drug_seed2026,DAVIS,cold_drug,2026,2652,0.020369113811572345,0.142720404328086,0.09111810975453814,0.6872512514850556,0.6842438584097741,0.8271903398914751,0.5281096317864947,2274,0.01765977974129723,0.13289010400062612,0.08371114172055259,0.6762384689694134,0.5932312981621666,0.7702150986329511,0.4851797337495392,,graphdta_gcn_style,
baseline,deepdta_style__davis_cold_target_seed42,DAVIS,cold_target,42,4828,0.013382505005438356,0.1156827774797889,0.06507369710371724,0.7850358877812889,0.44954812196625515,0.6704834986532145,0.3771593408709667,4624,0.013330081067402275,0.11545597025447525,0.06487462896994699,0.7832355882781903,0.4477870852335495,0.6691689511876275,0.37600556585182887,,deepdta_style,
baseline,deepdta_style__davis_cold_target_seed123,DAVIS,cold_target,123,4828,0.014061886490073514,0.1185828254431202,0.06752462933960403,0.7854784407278549,0.47237005779906577,0.687291828700928,0.3913646500473168,4624,0.01397508211257781,0.11821625147405838,0.06744450332282016,0.78392182235102,0.46945410560134293,0.6851672099577905,0.39090024926755707,,deepdta_style,
baseline,deepdta_style__davis_cold_target_seed2026,DAVIS,cold_target,2026,4828,0.013492491724728033,0.11615718542013677,0.0658687026366016,0.7882268702086742,0.4532428206103289,0.673233110156006,0.38176709755480054,4624,0.013405883622026868,0.1157837796153972,0.06589554575696308,0.7855330390350724,0.4503334617197067,0.671068894912964,0.38192267705977806,,deepdta_style,
baseline,graphdta_gcn_style__davis_cold_target_seed42,DAVIS,cold_target,42,4828,0.013766172892870875,0.1173293351761224,0.06448887646604183,0.7956725516448413,0.46243638004528875,0.680026749507171,0.37376979062178006,4624,0.013681982206069835,0.1169700055829264,0.06431329068785528,0.7943575075261782,0.4596082275340007,0.6779441182973717,0.3727521165181925,,graphdta_gcn_style,
baseline,graphdta_gcn_style__davis_cold_target_seed123,DAVIS,cold_target,123,4828,0.013171445596639525,0.11476691856384193,0.06266267179092556,0.788234315806452,0.44245816677399,0.6651752902611386,0.36318532743284315,4624,0.013066645314675471,0.11430942793433738,0.06254592538956204,0.7858171184404175,0.4389376921005765,0.6625237294622559,0.36250867929777336,,graphdta_gcn_style,
baseline,graphdta_gcn_style__davis_cold_target_seed2026,DAVIS,cold_target,2026,4828,0.013900578924667,0.11790071638742065,0.06667115879830796,0.7851743424365945,0.46695137773446066,0.6833384064535379,0.3864180371893603,4624,0.013868686120590133,0.11776538591874156,0.0664768862313528,0.784067400728089,0.4658800274774521,0.6825540472940236,0.3852920567001108,,graphdta_gcn_style,
sensitivity,sensitivity__protein_len_1000__kiba_warm_concat_seed42,KIBA,warm,42,11803,0.0006555297238792512,0.025603314704921533,0.01534010753847326,0.8560200545057899,0.19393596125339713,0.4403816086684333,0.2638526031803631,11759,0.0006529967229082518,0.025553800557025795,0.015287182850980564,0.8558204236278294,0.19318658260545488,0.43952995643693604,0.26294228905561307,concat,,protein_len_1000
sensitivity,sensitivity__protein_len_1000__kiba_warm_concat_seed123,KIBA,warm,123,11803,0.0006434515499317203,0.025366346799090334,0.015516465234219155,0.855530912440746,0.19036267969289292,0.43630571815287145,0.26688598720304607,11759,0.0006409480991279747,0.025316952800998282,0.015468250315114623,0.8553143941585702,0.18962204334889637,0.43545613251956433,0.26605668193996657,concat,,protein_len_1000
sensitivity,sensitivity__protein_len_1000__kiba_warm_concat_seed2026,KIBA,warm,2026,11803,0.0006707233822990409,0.02589832778962844,0.015710649516212226,0.8547533993156566,0.19843094697755392,0.44545588667965086,0.27022599170901723,11759,0.000667977910831339,0.025845268635310004,0.015658885673257412,0.8545248734406146,0.19761870974591217,0.44454325970136155,0.269335644318688,concat,,protein_len_1000
sensitivity,sensitivity__drug_pool_mean__kiba_warm_concat_seed42,KIBA,warm,42,11803,0.0006765116482459167,0.026009837528249126,0.01587636674509951,0.852547841299434,0.20014338331645048,0.44737387419970165,0.2730763577917896,11759,0.0006740635410350391,0.025962733697263835,0.015827570021304013,0.852268578686458,0.19941912016270164,0.44656367985171125,0.27223704538359267,concat,,drug_pool_mean
sensitivity,sensitivity__drug_pool_mean__kiba_warm_concat_seed123,KIBA,warm,123,11803,0.0006978010216163748,0.02641592363738915,0.016141761508743854,0.8504928083908007,0.20644176299121073,0.45435862816855443,0.27764119536430165,11759,0.0006957938325842218,0.026377904249280718,0.016099234012716034,0.8501986695410466,0.20584794379402113,0.4537046878686853,0.27690971479902254,concat,,drug_pool_mean
sensitivity,sensitivity__drug_pool_mean__kiba_warm_concat_seed2026,KIBA,warm,2026,11803,0.0006739748605168437,0.02596102579862444,0.016330269244952816,0.8532635682182506,0.19939288437061747,0.4465343036885492,0.2808835622638574,11759,0.0006714387456675557,0.025912135104378328,0.016290712792947516,0.853027752935713,0.19864258449369487,0.4456933749717342,0.2802031841890621,concat,,drug_pool_mean
sensitivity,sensitivity__protein_len_1000__kiba_cold_drug_concat_seed42,KIBA,cold_drug,42,11800,0.0010859735299420898,0.03295411248906713,0.021011091612153133,0.778091555141662,0.3211589853102732,0.5667089070327669,0.3613258517290966,11800,0.0010859734231505283,0.03295411086876004,0.021011088924451218,0.7780917071479216,0.32115895372840797,0.5667088791684916,0.36132580550892857,concat,,protein_len_1000
sensitivity,sensitivity__protein_len_1000__kiba_cold_drug_concat_seed123,KIBA,cold_drug,123,11800,0.001118886312371986,0.03344975803159099,0.02123221306982687,0.7730890344274798,0.330892404696183,0.5752324788258943,0.36512845753865525,11800,0.0011188862193283946,0.03344975664079478,0.021232210271046072,0.7730893158728203,0.3308923771800561,0.5752324549084971,0.3651284094082736,concat,,protein_len_1000
sensitivity,sensitivity__protein_len_1000__kiba_cold_drug_concat_seed2026,KIBA,cold_drug,2026,11800,0.0010716266418700053,0.03273570897154979,0.02057299839743113,0.7828765197787875,0.3169161268164419,0.5629530413954985,0.3537920021382165,11800,0.0010716265435708478,0.03273570747014409,0.020572995786233946,0.782872669145098,0.31691609774606694,0.5629530155759599,0.3537919572336934,concat,,protein_len_1000
sensitivity,sensitivity__drug_pool_mean__kiba_cold_drug_concat_seed42,KIBA,cold_drug,42,11800,0.0010840318567559145,0.03292463905278104,0.020798346213365005,0.776356114365329,0.3205847670875607,0.5662020550011813,0.3576672882504574,11800,0.0010840317880754639,0.03292463800978629,0.020798343990050695,0.776355950554498,0.32058474677643584,0.5662020370648942,0.35766725001632116,concat,,drug_pool_mean
sensitivity,sensitivity__drug_pool_mean__kiba_cold_drug_concat_seed123,KIBA,cold_drug,123,11800,0.0011033456018269118,0.03321664645666254,0.021516517946275616,0.7783348647394542,0.32629649264856353,0.571223680048861,0.3700176229152014,11800,0.0011033454862416313,0.033216644716792684,0.02151651491498267,0.7783331903695111,0.32629645846609917,0.5712236501284756,0.3700175707863293,concat,,drug_pool_mean
sensitivity,sensitivity__drug_pool_mean__kiba_cold_drug_concat_seed2026,KIBA,cold_drug,2026,11800,0.0011080824904676626,0.033287873024085854,0.021637541823467967,0.7717113008591949,0.3276973503190745,0.5724485569193746,0.3720988596407027,11800,0.0011080823821919546,0.033287871397732156,0.02163753880131673,0.7717079494714179,0.3276973182982972,0.5724485289511164,0.37209880766903974,concat,,drug_pool_mean
sensitivity,sensitivity__protein_len_1000__kiba_cold_target_concat_seed42,KIBA,cold_target,42,19640,0.0014276254859701945,0.037783931584341436,0.027518891714619523,0.6727560811147479,0.42235753901904993,0.6498904053908243,0.47332987707748087,19627,0.0014264251863461963,0.03776804451313565,0.027507222234201347,0.6727521787061967,0.4220024349667201,0.6496171449143873,0.4731291599196398,concat,,protein_len_1000
sensitivity,sensitivity__protein_len_1000__kiba_cold_target_concat_seed123,KIBA,cold_target,123,19640,0.0014065747538535948,0.03750432980141886,0.026265518397639093,0.6692605341207827,0.4161297604463845,0.6450812045365951,0.45177163104741386,19627,0.001404889881048433,0.037481860693519914,0.026252248438648387,0.6693334217266474,0.41563129727201437,0.6446947318475732,0.45154338537084243,concat,,protein_len_1000
sensitivity,sensitivity__protein_len_1000__kiba_cold_target_concat_seed2026,KIBA,cold_target,2026,19640,0.0013931339856697528,0.037324710121710965,0.0271552862163231,0.6748076986191506,0.412153360593313,0.641991713804246,0.4670757972403226,19627,0.001392017812482786,0.0373097549239175,0.027143304400450357,0.6748845897389504,0.4118231450255752,0.6417344817177703,0.4668697078565994,concat,,protein_len_1000
sensitivity,sensitivity__drug_pool_mean__kiba_cold_target_concat_seed42,KIBA,cold_target,42,19640,0.001482159719868717,0.03849882751290897,0.028649038179585987,0.6779119444848943,0.4384912835115815,0.6621867436845753,0.4927685991339341,19627,0.0014806268210632815,0.03847891397977964,0.028635387026650767,0.6779853229472225,0.43803778126369375,0.6618442273403113,0.4925337968530937,concat,,drug_pool_mean
sensitivity,sensitivity__drug_pool_mean__kiba_cold_target_concat_seed123,KIBA,cold_target,123,19640,0.0012344142557902166,0.03513423196528162,0.025048433113729396,0.7069078677319334,0.3651967356489689,0.6043150963272131,0.43083754569979277,19627,0.0012333537377261685,0.03511913634653006,0.025038107333267758,0.7069501705589958,0.36488298543645276,0.6040554489750529,0.4306599404223955,concat,,drug_pool_mean
sensitivity,sensitivity__drug_pool_mean__kiba_cold_target_concat_seed2026,KIBA,cold_target,2026,19640,0.0013047281946128272,0.036121021505666574,0.02624614785013762,0.6888628630516953,0.3859988454821874,0.6212880535485834,0.45143845415341394,19627,0.001302621300123595,0.03609184534106832,0.026229432367135513,0.6889590358836984,0.38537552880691783,0.6207862182804301,0.4511509448453817,concat,,drug_pool_mean
sensitivity,sensitivity__protein_len_1000__davis_warm_concat_seed42,DAVIS,warm,42,3005,0.007319370830022725,0.08555332156043227,0.04743618670372159,0.8606226101653103,0.24587395329007208,0.49585678707674463,0.27493444674108963,2559,0.007140267279797478,0.0845001022472605,0.04626997199278092,0.8649274388596946,0.23985746649566933,0.48975245430285425,0.26817520619891855,concat,,protein_len_1000
sensitivity,sensitivity__protein_len_1000__davis_warm_concat_seed123,DAVIS,warm,123,3005,0.006697287416865524,0.08183695630255028,0.04455423750589213,0.8607711068712641,0.22497678717823194,0.4743171799315643,0.2582310149667348,2559,0.006513045576392485,0.08070344215950448,0.0439690787087475,0.871192670484994,0.21878769378065027,0.4677474679574976,0.25483950478583706,concat,,protein_len_1000
sensitivity,sensitivity__protein_len_1000__davis_warm_concat_seed2026,DAVIS,warm,2026,3005,0.007305291057286934,0.0854709954153275,0.04579595826936579,0.8643980131621881,0.24540098239347874,0.49537963461720824,0.26542787953017094,2559,0.006846465617168516,0.08274337204373844,0.04405905684156617,0.8690158670390243,0.2299880148786709,0.47957065681573025,0.25536100724807764,concat,,protein_len_1000
sensitivity,sensitivity__drug_pool_mean__davis_warm_concat_seed42,DAVIS,warm,42,3005,0.006382888982252595,0.07989298456217915,0.04273234506760617,0.8691297874331984,0.21441544415822664,0.4630501529621026,0.24767154498508415,2559,0.006141365815132433,0.07836686681967343,0.04148987288156617,0.8744664893476296,0.20630214353580295,0.45420495763014623,0.2404703252666092,concat,,drug_pool_mean
sensitivity,sensitivity__drug_pool_mean__davis_warm_concat_seed123,DAVIS,warm,123,3005,0.006478099972890872,0.08048664468649984,0.046922981266332126,0.8664371638047699,0.21761379319785634,0.4664909358153236,0.27195996960036867,2559,0.006247604943316746,0.0790417923842618,0.045762124108953084,0.8734094660801972,0.20987095225548444,0.4581167452249311,0.2652317807958415,concat,,drug_pool_mean
sensitivity,sensitivity__drug_pool_mean__davis_warm_concat_seed2026,DAVIS,warm,2026,3005,0.0063626835005399784,0.07976643091263379,0.043432221085858994,0.8680857178098945,0.21373669706613593,0.46231666319324455,0.25172794241575286,2559,0.006190473884252414,0.07867956459114663,0.04246847544159406,0.8742622217546218,0.20795179285312465,0.4560173163961262,0.24614218829179568,concat,,drug_pool_mean
sensitivity,sensitivity__protein_len_1000__davis_cold_drug_concat_seed42,DAVIS,cold_drug,42,2652,0.016452653179988345,0.1282678961392458,0.0755478132538621,0.6818897710845149,0.5526812308622503,0.7434253364408898,0.4378660613927505,2274,0.01445130973721596,0.12021360046690208,0.06918275806983804,0.6699070338701346,0.4854516512176181,0.6967436050783804,0.4009749652254681,concat,,protein_len_1000
sensitivity,sensitivity__protein_len_1000__davis_cold_drug_concat_seed123,DAVIS,cold_drug,123,2652,0.017041737403754906,0.13054400562168647,0.08027004488065367,0.6717133543947004,0.5724698807724568,0.7566173939135002,0.465235549328284,2274,0.014371698007177285,0.11988201702998363,0.07198999470555403,0.6640426142880999,0.4827773160531011,0.6948217872613819,0.41724537195382644,concat,,protein_len_1000
sensitivity,sensitivity__protein_len_1000__davis_cold_drug_concat_seed2026,DAVIS,cold_drug,2026,2652,0.016574701405394895,0.12874277224526004,0.07387561006064149,0.6825108067296689,0.5567811023361284,0.7461776613757132,0.428174172315783,2274,0.014574175299745407,0.12072354906871073,0.06708111953240216,0.6624129369150601,0.48957897886419827,0.6996992059908302,0.3887941204170814,concat,,protein_len_1000
sensitivity,sensitivity__drug_pool_mean__davis_cold_drug_concat_seed42,DAVIS,cold_drug,42,2652,0.01501712363959805,0.12254437416543466,0.07368096782296311,0.7227891704044317,0.5044585992512561,0.7102524897888469,0.42704604925937484,2274,0.013186360442017377,0.11483187903198909,0.06703152566318621,0.7186713350011158,0.4429591896188389,0.6655517933405626,0.3885066803013782,concat,,drug_pool_mean
sensitivity,sensitivity__drug_pool_mean__davis_cold_drug_concat_seed123,DAVIS,cold_drug,123,2652,0.016600053397374068,0.12884119448908438,0.08833322322858585,0.7055622528204459,0.5576327321601194,0.7467481048922183,0.5119687636127606,2274,0.014176075328305428,0.11906332486666676,0.07979418853391135,0.7074961257609973,0.47620591496899045,0.690076745709483,0.4624775430358099,concat,,drug_pool_mean
sensitivity,sensitivity__drug_pool_mean__davis_cold_drug_concat_seed2026,DAVIS,cold_drug,2026,2652,0.017497751273685844,0.13227906589360935,0.07959759503541175,0.6736187550581935,0.5877884013883438,0.7666735950770339,0.4613381107057942,2274,0.01498767069451476,0.12242414261294526,0.07327299735501844,0.6476112370878208,0.5034692092870313,0.709555642136,0.42468150137546423,concat,,drug_pool_mean
sensitivity,sensitivity__protein_len_1000__davis_cold_target_concat_seed42,DAVIS,cold_target,42,4828,0.01339910230509076,0.11575449151152088,0.06318695089453455,0.8011960139783151,0.45010566219399395,0.6708991445768835,0.3662239862143539,4624,0.013307066280606428,0.11535625809034561,0.06291385680896601,0.8006676358752423,0.44701396733242976,0.6685910314477975,0.364641165660227,concat,,protein_len_1000
sensitivity,sensitivity__protein_len_1000__davis_cold_target_concat_seed123,DAVIS,cold_target,123,4828,0.015710297670232486,0.12534072630327497,0.06741907468189123,0.7830790341001685,0.5277438573954419,0.72645981127344,0.39075286791566133,4624,0.015653704958906427,0.12511476714963118,0.06725770497942282,0.7819809266345898,0.5258427822915455,0.7251501791294996,0.3898175884812912,concat,,protein_len_1000
sensitivity,sensitivity__protein_len_1000__davis_cold_target_concat_seed2026,DAVIS,cold_target,2026,4828,0.014428733546860485,0.12011966344799874,0.0675131034306946,0.784015338935323,0.48469326674689833,0.6961991573873803,0.3912978472621563,4624,0.014229964373759143,0.11928941434075005,0.06693898983889059,0.7844531610306483,0.4780161679200209,0.6913871331750547,0.387970353766209,concat,,protein_len_1000
sensitivity,sensitivity__drug_pool_mean__davis_cold_target_concat_seed42,DAVIS,cold_target,42,4828,0.013620193951283926,0.11670558663270549,0.06993161121860207,0.7909343907309168,0.4575326225641322,0.6764115777868769,0.4053152282283036,4624,0.01341259887691911,0.11581277510240012,0.06942271069108207,0.7900173905689579,0.4505590420743641,0.6712369492767544,0.402365701828683,concat,,drug_pool_mean
sensitivity,sensitivity__drug_pool_mean__davis_cold_target_concat_seed123,DAVIS,cold_target,123,4828,0.012869472669617254,0.11344369823669032,0.06467164300436197,0.7936667577985526,0.43231422420327176,0.6575060640049427,0.3748290835495543,4624,0.012742705494339155,0.11288359267111919,0.06435880934076525,0.7928534365276484,0.4280558327025715,0.6542597593483581,0.3730159371691308,concat,,drug_pool_mean
sensitivity,sensitivity__drug_pool_mean__davis_cold_target_concat_seed2026,DAVIS,cold_target,2026,4828,0.014086747473150911,0.11868760454719318,0.06418623307047039,0.7911938154355106,0.4732051935414502,0.6878991158167382,0.37201570581220256,4624,0.014029470613510574,0.11844606626439974,0.06413096597168032,0.7891672128468752,0.4712811363733061,0.6864991889094306,0.3716953843385618,concat,,drug_pool_mean
