family,dataset,setting,plan__fusion,plan__baseline,plan__variant,n_seeds,record_mse_norm_mean,record_rmse_norm_mean,record_mae_norm_mean,record_ci_mean,record_mse_raw_mean,record_rmse_raw_mean,record_mae_raw_mean,record_mse_norm_sd,record_rmse_norm_sd,record_mae_norm_sd,record_ci_sd,record_mse_raw_sd,record_rmse_raw_sd,record_mae_raw_sd
baseline,DAVIS,cold_drug,,deepdta_style,,3,0.01965666312411103,0.1398082080063092,0.08508373676954224,0.6093253759275742,0.6603110544682366,0.8103115994157714,0.49313512996952924,0.0036787181985416923,0.012864375121373799,0.009684449404883782,0.10439798250525284,0.12357633019568849,0.07456037473575555,0.05612990681046675
baseline,DAVIS,cold_drug,,graphdta_gcn_style,,3,0.020407486241935714,0.14283938249643413,0.08862417636279067,0.6763476555358671,0.6855328737322509,0.8278799230802202,0.5136550930700547,0.0007341430483131026,0.002568185149021299,0.0023445800288336717,0.01045790090517896,0.024661498612525687,0.014884892992873272,0.013588904544408077
baseline,DAVIS,cold_target,,deepdta_style,,3,0.013645627740079968,0.11680759611434861,0.06615567635997428,0.7862470662392727,0.4583870001252166,0.6770028125033828,0.3834303628243614,0.0003646611849575834,0.0015555851313137305,0.0012504129896386401,0.001728780233451398,0.012249780649067734,0.009015984781990284,0.007247243663395033
baseline,DAVIS,cold_target,,graphdta_gcn_style,,3,0.013612732471392467,0.11666565670912832,0.06460756901842511,0.789693736629296,0.45728197485124644,0.6761801487406158,0.37445771841466113,0.00038802941218122743,0.001668988924597882,0.002006877665325371,0.005399123169426904,0.013034771400634812,0.009673259561678079,0.011631622163043523
baseline,DAVIS,warm,,deepdta_style,,3,0.006023966310906274,0.07758565930200091,0.04279442378862167,0.8696064057265346,0.2023584329507374,0.4496771725869943,0.24803134580388506,0.0004013928477733205,0.002578308044079891,0.0023926926103076136,0.007053445237891433,0.013483678938573463,0.014943564078087952,0.01386775929408358
baseline,DAVIS,warm,,graphdta_gcn_style,,3,0.006436962072347535,0.08019525817628066,0.04496126357619395,0.8674353066117995,0.21623187957829285,0.46480209456264676,0.26059008923521626,0.00046940483343463905,0.0029195817475855556,0.0020001280870324146,0.0018397300452369576,0.015768352877631737,0.016921545517587795,0.011592502417072015
baseline,KIBA,cold_drug,,deepdta_style,,3,0.001185081757339489,0.034423260936828584,0.022020310587802173,0.7626983031862119,0.3504686294859889,0.5919737206846594,0.37868129963674524,2.9213834984109574e-05,0.0004257883532349605,0.0004585959617128243,0.004936097535828829,0.008639515919894238,0.007322243995165036,0.007886433485900598
baseline,KIBA,cold_drug,,graphdta_gcn_style,,3,0.0011825975780044493,0.03438865161060442,0.02205344435353737,0.761688705393386,0.3497339739050073,0.5913785472159717,0.3792510980244852,1.1385302432405933e-05,0.00016531065720307636,0.0002759012014280947,0.002348124742981515,0.0033670177732942255,0.002842832496111157,0.004744648133437546
baseline,KIBA,cold_target,,deepdta_style,,3,0.0012737707442725564,0.03567575866283273,0.02589394101279978,0.6838172467428326,0.37684020221858966,0.6136294527280514,0.4453804333307802,8.737483232513104e-05,0.0012314552999635301,0.0012839907480658751,0.026849048420391236,0.02584950991398522,0.02118125220313611,0.022084871340504297
baseline,KIBA,cold_target,,graphdta_gcn_style,,3,0.0012927301457472057,0.035953071779691176,0.02582288429049999,0.6934412752862474,0.3824492686206687,0.6183992881151666,0.4441582449526842,2.8801778295345297e-05,0.00040020373232813077,0.0005512189344152479,0.010870855533696912,0.008520895935061954,0.006883576031813374,0.009481064614638558
baseline,KIBA,warm,,deepdta_style,,3,0.0006496460109544076,0.02548675085442843,0.015409945274268618,0.8593405961659784,0.192195287291176,0.4383766895169738,0.26505382477177714,1.6705363149581007e-05,0.00032758626047059766,0.00021542164811477036,0.003076559832141499,0.004942217785837314,0.005634542481172843,0.003705291015329136
baseline,KIBA,warm,,graphdta_gcn_style,,3,0.000584021733532961,0.024166444244667604,0.014681540396977825,0.8664456707642305,0.17278059584442765,0.4156671788366919,0.2525251301351568,4.057455530544316e-06,8.401876873328633e-05,0.00018906976092026692,0.0013159019905220881,0.0012003826979842267,0.0014451379034135458,0.0032520338254725975
primary,DAVIS,cold_drug,attention,,,3,0.01909847439021611,0.13786858738284422,0.07886448446539492,0.6803308151738617,0.6415602528116551,0.7990697909978509,0.4570890898005828,0.0031508518143817227,0.011665783510451982,0.00749567094283478,0.03555751020442948,0.10584412374018555,0.06761348156587405,0.04344400945407066
primary,DAVIS,cold_drug,concat,,,3,0.015699174688869746,0.12526968343701397,0.0762595502381546,0.7005041958106833,0.52737021170054,0.7260480553443142,0.44199120355950655,0.0007974723054052738,0.0031656990839434543,0.005723484394160414,0.013354208264813617,0.026788869278909683,0.01834801206996018,0.03317262884489617
primary,DAVIS,cold_drug,product,,,3,0.018256921687690653,0.1349890919965239,0.09675854504391244,0.7210580380912776,0.6132906249055043,0.782380581220595,0.5608009179842821,0.0019711895654634143,0.007231880423996883,0.018037784109190217,0.010654371700942447,0.06621664380722798,0.0419151112564727,0.10454483252352903
primary,DAVIS,cold_target,attention,,,3,0.013538610717299468,0.11635308237365836,0.06915585697646867,0.7885149897451531,0.45479206019507323,0.6743685053949006,0.4008190497158924,0.00021575038739731533,0.0009254237797949723,0.003120963827000998,0.005609089165825662,0.007247535601783134,0.00536364519534662,0.01808873188805784
primary,DAVIS,cold_target,concat,,,3,0.013589109825376934,0.11657179292130897,0.06569696570060696,0.7918508685247979,0.45648843760632546,0.6756361254881922,0.3807717308787732,0.00010161719186723044,0.0004363264060229056,0.0032260625369810113,0.006493773613750386,0.0034135475940292115,0.002528895498866517,0.01869787140135875
primary,DAVIS,cold_target,product,,,3,0.013246352611717986,0.1150903874038081,0.06181260481273129,0.7983921468631054,0.4449744600940326,0.6670500768477913,0.35825844121826517,0.00021046745759782917,0.0009126929598902188,0.0009176404173750479,0.0012465871821217519,0.00707007023421002,0.005289858890622394,0.005318533760608463
primary,DAVIS,warm,attention,,,3,0.0078664838199242,0.08868575272763433,0.051033119369929436,0.8480487226658898,0.2642526960600991,0.5140119822927564,0.295781836914449,0.00024880198382736906,0.0014077018809576854,0.0009083314067203211,0.013132494975823342,0.008357812272487072,0.008158871205959015,0.005264579851748816
primary,DAVIS,warm,concat,,,3,0.0071087542658739185,0.08430446180585595,0.04687536436936823,0.8590440398802229,0.23879887423502189,0.4886185457774137,0.2716839877786413,0.00025433567038977967,0.0015059808260195658,0.0006421685152390666,0.002928377340876727,0.008543701117712294,0.008728484180029927,0.0037219316669471697
primary,DAVIS,warm,product,,,3,0.00613936361132604,0.07834783355769874,0.0412979881466933,0.8662806481308953,0.2062348850546298,0.45409464312735165,0.23935818436561654,0.00018938234247522804,0.0012127993287284649,0.0009350539993184957,0.001264374153917164,0.006361774298512255,0.007029239397646746,0.005419460792271165
primary,KIBA,cold_drug,attention,,,3,0.0011412504620172863,0.03378130074592733,0.022136544317512188,0.7676272869218871,0.3375062377311326,0.5809339890498021,0.38068016062704374,2.2598683202828312e-05,0.00033357592200902747,0.00027132046146099894,0.004517041665882145,0.006683192514973811,0.005736475113292746,0.004665873560430412
primary,KIBA,cold_drug,concat,,,3,0.0011036164836997946,0.033220064432514844,0.021134363545873072,0.7759147126477276,0.3263766015508851,0.5712824586720197,0.3634457480804069,1.706644049280166e-05,0.00025632830322795,0.00047073640928893394,0.0033757573744348877,0.005047121831614675,0.004408054764396028,0.008095211670384569
primary,KIBA,cold_drug,product,,,3,0.001100458985478278,0.033172363935794695,0.021391125905648466,0.7753683160019763,0.3254428228749027,0.570462157522348,0.36786126727618984,1.8754302357855238e-05,0.00028263861059351183,0.00021024876713576947,0.0008911896274217799,0.0055462794896778906,0.004860510752576078,0.0036156291287780056
primary,KIBA,cold_target,attention,,,3,0.0014272621853780125,0.0377671450432612,0.02714077017275719,0.6791723890259895,0.4222500579285637,0.6496016738710937,0.4668261186853882,8.722037047447271e-05,0.0011650798208385983,0.0013867073286346241,0.02040876851594301,0.025803812966321043,0.0200395820479216,0.023851614963707645
primary,KIBA,cold_target,concat,,,3,0.0014929286506714264,0.03863373165773993,0.027380407950097982,0.6663846339111908,0.44167723049585494,0.664507119190692,0.4709479314701515,5.6894599420098946e-05,0.0007383382041818584,0.0005613204722743327,0.016652408523047505,0.01683204960313331,0.01269954964215894,0.00965481287902065
primary,KIBA,cold_target,product,,,3,0.0015330684280292727,0.03913547505854489,0.028035532770639204,0.6689810036286629,0.4535524300830291,0.6731371957464742,0.4822161959770556,0.00011785788818056267,0.0014914858218987893,0.0014437810898144565,0.0020988447458681167,0.03486780538391434,0.025653823855381334,0.024833293900626704
primary,KIBA,warm,attention,,,3,0.0007156850934076156,0.026752264009978807,0.01657533765734698,0.8446580763138254,0.21173269721984367,0.4601437429495208,0.28509878294632696,2.5059159835409615e-06,4.685746485025549e-05,0.00019309897689851613,0.000330586456755954,0.0007413656580091087,0.0008059568062456171,0.0033213370635346733
primary,KIBA,warm,concat,,,3,0.000664294405290734,0.025773046792379906,0.015859159452778035,0.8536305778785874,0.19652895872200435,0.44330103103928753,0.2727803892751857,1.3308012609131836e-05,0.00025825664133737085,9.641063644548133e-05,0.0011980267577102498,0.003937124624115036,0.004442060587553446,0.0016582802523786742
primary,KIBA,warm,product,,,3,0.0006421446368693029,0.025340445438795656,0.015402423138303216,0.8545674788660121,0.18997603446262837,0.4358602101065607,0.26492444268296383,4.984035979935259e-06,9.845176019370697e-05,0.00015627671608041397,0.0012096558417754753,0.0014745079795470898,0.0016933879472257767,0.0026879875679410798
sensitivity,DAVIS,cold_drug,concat,,drug_pool_mean,3,0.01637164277021932,0.1278882115160428,0.08053726202898691,0.700656726094357,0.5499599109332398,0.7412247299193663,0.46678430785930985,0.0012559884257818303,0.00493681964131044,0.007371185634754499,0.024949560731116552,0.04219144605528807,0.028613214321414816,0.04272250754418457
sensitivity,DAVIS,cold_drug,concat,,protein_len_1000,3,0.016689697329712715,0.12918489133539743,0.07656448939838575,0.678704644069628,0.5606440713236118,0.7487401305767011,0.4437585943456058,0.00031092298504604906,0.0012007375072895907,0.0033162361125195364,0.006062591839073499,0.010444594935461708,0.006959330527764374,0.019220506626154488
sensitivity,DAVIS,cold_target,concat,,drug_pool_mean,3,0.01352547136468403,0.11627896313886299,0.06626316243114481,0.7919316546549933,0.4543506801029514,0.6739389192028526,0.38405333919668677,0.0006141406704808003,0.002647856501485066,0.003186227091816849,0.0015082315748684893,0.02063035171109938,0.015346658592784399,0.018466989940644
sensitivity,DAVIS,cold_target,concat,,protein_len_1000,3,0.014512711174061244,0.12040496042093153,0.06603970966904012,0.7894301290046023,0.4875142621121114,0.6978527044125679,0.3827582337973905,0.0011578839256876532,0.004799481236835142,0.00247100886694874,0.010200304093362405,0.03889589759437942,0.027817217406937732,0.014321670921191073
sensitivity,DAVIS,warm,concat,,drug_pool_mean,3,0.006407890818561149,0.08004868672043759,0.04436251580659909,0.8678842230159542,0.21525531147407295,0.4639525839902236,0.2571198190004019,6.16365101752276e-05,0.00038452482570225263,0.0022448706283649754,0.0013575734289833765,0.00207050753073263,0.0022286597544816573,0.013011000822425404
sensitivity,DAVIS,warm,concat,,protein_len_1000,3,0.007107316434725061,0.08428709109277001,0.045928794159659836,0.8619305767329207,0.2387505742872609,0.48851786720850576,0.2661977804126651,0.000355165322934567,0.002122278201891965,0.0014455593467686257,0.002138152173554575,0.011930793513463208,0.012300469827227128,0.008378288535660538
sensitivity,KIBA,cold_drug,concat,,drug_pool_mean,3,0.0010984866496834963,0.03314305284450981,0.021317468661036194,0.7754674266546594,0.32485953668506623,0.569958097323139,0.3665945902687872,1.2740302485936953e-05,0.00019247530825986704,0.00045362735970151023,0.0034000329416478325,0.00376773697158861,0.003309980555869292,0.007800988884221668
sensitivity,KIBA,cold_drug,concat,,protein_len_1000,3,0.0010921621613946937,0.03304652649740263,0.020938767693137045,0.7780190364493098,0.32298917227429935,0.5682981424180532,0.36008210380198946,2.4230012039433e-05,0.00036588492280894424,0.00033550567509632275,0.0048941456451633255,0.007165631450570389,0.0062920900926588955,0.005769660903482247
sensitivity,KIBA,cold_target,concat,,drug_pool_mean,3,0.0013404340567572538,0.03658469366128572,0.02664787304781767,0.691227558422841,0.39656228821424594,0.6292632978534572,0.4583481996623802,0.00012767394090602626,0.0017295576604151814,0.0018336102532725816,0.014641882713154834,0.037771847034018806,0.029748702211282056,0.031538425485661596
sensitivity,KIBA,cold_target,concat,,protein_len_1000,3,0.0014091114084978475,0.037537657169157086,0.026979898776193906,0.6722747712848937,0.41688022001958247,0.6456544412438885,0.46405910178840576,1.7385104567761507e-05,0.0002314176376497407,0.0006448307790001458,0.0028047286601780093,0.005143316684234234,0.003980424906578736,0.011091205144637661
sensitivity,KIBA,warm,concat,,drug_pool_mean,3,0.0006827625101263783,0.02612892898808757,0.016116132499598725,0.852101405969495,0.20199267689275957,0.44942226868560176,0.2772003718066496,1.3085352263949909e-05,0.00024974005041851054,0.00022803399839846537,0.0014383170315392282,0.0038712514127214287,0.004295573695037932,0.003922225704100229
sensitivity,KIBA,warm,concat,,protein_len_1000,3,0.0006565682187033374,0.0256226630978801,0.01552240742963488,0.8554347887540642,0.19424319597461467,0.44071440450031857,0.2669881940308088,1.3665542938081449e-05,0.0002665177551421964,0.0001853424440905132,0.0006387751286868245,0.004042898604296665,0.004584153227849866,0.003187923306954851
