family,dataset,setting,plan__fusion,plan__baseline,plan__variant,n_seeds,unique_mse_norm_mean,unique_rmse_norm_mean,unique_mae_norm_mean,unique_ci_mean,unique_mse_raw_mean,unique_rmse_raw_mean,unique_mae_raw_mean,unique_mse_norm_sd,unique_rmse_norm_sd,unique_mae_norm_sd,unique_ci_sd,unique_mse_raw_sd,unique_rmse_raw_sd,unique_mae_raw_sd
baseline,DAVIS,cold_drug,,deepdta_style,,3,0.01640304075146976,0.12787751677210027,0.07742333058251454,0.5982776998334819,0.5510146389904257,0.7411627444666308,0.44873633480505104,0.0022669559399607973,0.00869322630019842,0.007830151267000911,0.09810121455516431,0.0761520944677758,0.0503848966226587,0.04538261728198824
baseline,DAVIS,cold_drug,,graphdta_gcn_style,,3,0.017379032738757696,0.1318118109725932,0.08059527986267724,0.6605737463149862,0.5838003816268831,0.7639654416160697,0.46712057226239945,0.0006948479157270734,0.002649309405218423,0.0027769309972902373,0.014394127011735501,0.023341487669187023,0.015355079448503573,0.016094758884113106
baseline,DAVIS,cold_target,,deepdta_style,,3,0.013570348934002318,0.11648533378131028,0.06607155934991008,0.7842301498880943,0.4558582175181997,0.6751350186861274,0.382942830726388,0.0003525524304295309,0.0015079528469346569,0.0012939471148642103,0.001179351261356546,0.011843020639994291,0.008739913776650603,0.007499562229978189
baseline,DAVIS,cold_target,,graphdta_gcn_style,,3,0.013539104547111812,0.11634827314533512,0.06444536743625671,0.7880806755648949,0.4548086490373431,0.6743406316845504,0.3735176175053589,0.0004196759257570701,0.0018099239805739512,0.001968805852674231,0.005505846222048861,0.014097848211666727,0.010490102236727455,0.011410962504773626
baseline,DAVIS,warm,,deepdta_style,,3,0.0057594648857508465,0.07586776075661407,0.04107325517069372,0.8777987582745296,0.19347324150954615,0.43972043873139954,0.23805565900018544,0.00035080384575821944,0.0023068691536424065,0.0023555615755136436,0.005122979713830913,0.0117842817899235,0.01337033683635036,0.013652552271399271
baseline,DAVIS,warm,,graphdta_gcn_style,,3,0.006069167040773769,0.07788390109640207,0.04303216740792446,0.8756953763127936,0.20387682604793253,0.45140574624429286,0.2494092792968846,0.0003424222118604243,0.002213026472829335,0.001305430286490298,0.0016111951203393933,0.011502724056432545,0.01282643591760263,0.007566117314972
baseline,KIBA,cold_drug,,deepdta_style,,3,0.0011850816642022051,0.03442325958393691,0.022020308171778646,0.7626950075675584,0.35046860194215385,0.5919736974191029,0.37868125808860587,2.9213834372444664e-05,0.0004257883613379994,0.00045859618948075685,0.004935824434088728,0.008639515739004216,0.007322244134512281,0.007886437402805266
baseline,KIBA,cold_drug,,graphdta_gcn_style,,3,0.0011825974848925374,0.034388650255833035,0.02205344200845213,0.7616887996143483,0.3497339463686758,0.5913785239180901,0.3792510576962653,1.1385322513812835e-05,0.00016531095486445321,0.00027590099556555804,0.0023477811935655075,0.0033670237120432644,0.0028428376149670902,0.004744644593238013
baseline,KIBA,cold_target,,deepdta_style,,3,0.0012723762091977316,0.03565623954927993,0.025883295426884206,0.683826239302905,0.3764276343511293,0.6132937204713015,0.4451973273421708,8.72348890435024e-05,0.0012301160933608603,0.0012827728773888054,0.02682371897161891,0.025808108229431616,0.021158217609185417,0.022063923746253385
baseline,KIBA,cold_target,,graphdta_gcn_style,,3,0.0012911270679704949,0.03593080063718121,0.02580812549984185,0.6934637407421107,0.3819750041925804,0.6180162204663696,0.4439043911041907,2.8497066495424572e-05,0.0003961695501288952,0.0005467448647554808,0.01081454146619316,0.008430748114650185,0.006814187373858934,0.009404109813404043
baseline,KIBA,warm,,deepdta_style,,3,0.0006474830521996412,0.025444301007921288,0.015364146431231176,0.8591366008664653,0.19155538421740737,0.4376465445373885,0.26426607645073236,1.656531203040248e-05,0.0003254191557136419,0.00021484140173839595,0.0030400136426784866,0.0049007841979570215,0.005597267890362263,0.0036953106735023293
baseline,KIBA,warm,,graphdta_gcn_style,,3,0.0005814819470612104,0.024113832914521627,0.014632728871429848,0.86629806914046,0.17202920973204436,0.41476225451455256,0.25168556313416035,4.176889742370796e-06,8.668245275516574e-05,0.00019165291570489906,0.0013022515407077467,0.0012357168526889665,0.0014909537467157781,0.003296464551439315
primary,DAVIS,cold_drug,attention,,,3,0.016318112225213215,0.1274958371195889,0.07155070594875539,0.6681747457359961,0.5481617008099823,0.7389505749945996,0.4146993070252865,0.002433775903167551,0.009715225863700497,0.00716425237222352,0.04666818479972037,0.08175594824071282,0.05630828347320891,0.04152314718240782
primary,DAVIS,cold_drug,concat,,,3,0.013951662666173347,0.11809441793923335,0.0703979153572007,0.6945749729622595,0.4686673942835189,0.6844610774075321,0.40801787106845083,0.0006725795711855188,0.0028384285530097947,0.005197490041055538,0.01899717745291172,0.022593444424376982,0.01645119133858692,0.03012402868310274
primary,DAVIS,cold_drug,product,,,3,0.016401960294781734,0.12786621105224008,0.09072234672832974,0.718016524884345,0.550978344046036,0.7410972178707814,0.5258158367702387,0.0022856009100966227,0.008848081650199695,0.018739719711294442,0.012298757945840634,0.07677842050354189,0.05128241965172108,0.1086131670550917
primary,DAVIS,cold_target,attention,,,3,0.01345016249510645,0.11597146808714603,0.06896583630202445,0.7870467555342776,0.45182088759607425,0.6721567147763574,0.3997177126854942,0.000251430767490577,0.001082417307592607,0.003145172738136624,0.0056970579961405496,0.008446118965319915,0.006273560846378167,0.018229043832414797
primary,DAVIS,cold_target,concat,,,3,0.013520229403600488,0.1162759106518206,0.065584571967331,0.7902569453875933,0.45417459096571067,0.6739212273541922,0.38012031028570586,0.0001072063760673077,0.0004615284774351492,0.003289998190459878,0.0073074096208167,0.0036013007283972795,0.002674963681027341,0.01906843477792262
primary,DAVIS,cold_target,product,,,3,0.013171270900557709,0.1147639669427417,0.061706994551116216,0.7965476035619191,0.44245229834386685,0.6651581830193772,0.3576463368130633,0.0001995414906002066,0.0008684400868782482,0.0009483682466770965,0.0012244045072864385,0.006703042690230001,0.005033374548104675,0.005496628572518178
primary,DAVIS,warm,attention,,,3,0.007706809842443051,0.08777390879543116,0.05042175834344842,0.8560643582377777,0.25888889184897707,0.5087270442647417,0.29223846175606105,0.00034210172702969956,0.00195605874696491,0.0006726548732300112,0.0046576084405346024,0.011491958257823702,0.011337081809480226,0.00389862694010942
primary,DAVIS,warm,concat,,,3,0.006910538125422745,0.08312811139936506,0.045964698960295015,0.8661661700462083,0.2321403530054753,0.4818005599599142,0.26640588032928875,0.00010287920539496373,0.0006187332997719599,0.000767585305971131,0.003188281418191231,0.003455941436666175,0.0035861039698570248,0.004448832338523679
primary,DAVIS,warm,product,,,3,0.005894402938755175,0.07675870862171796,0.040155501984801535,0.87710474066937,0.19800611097495846,0.44488426566161693,0.23273647164678157,0.00029609265496446393,0.0019378813746107812,0.00124609431601024,0.004625363595974542,0.009946411147478363,0.011231727940236769,0.007222213149199334
primary,KIBA,cold_drug,attention,,,3,0.0011412503541642107,0.03378129914874598,0.022136541734294506,0.7676236194796283,0.3375062058353418,0.5809339615832182,0.38068011620368153,2.2598690792909148e-05,0.00033357604937557517,0.00027132076875785113,0.004518889325286223,0.006683194759616601,0.005736477303603803,0.004665878844986776
primary,KIBA,cold_drug,concat,,,3,0.0011036163910087082,0.0332200630381857,0.021134360914302357,0.7759129678805178,0.32637657413900584,0.5712824346938667,0.363445702825522,1.7066429666104456e-05,0.0002563281520148316,0.00047073621502250287,0.003377068807763988,0.005047118629795262,0.004408052163997587,0.008095208329602234
primary,KIBA,cold_drug,product,,,3,0.0011004588766793807,0.03317236229683054,0.02139112315515843,0.7753678638483482,0.32544279069940063,0.5704621293372288,0.36786121997626015,1.8754290405948767e-05,0.0002826384453581016,0.00021024830067534395,0.0008915369572440633,0.005546275955096149,0.004860507911037516,0.003615621107100125
primary,KIBA,cold_target,attention,,,3,0.0014257424974088526,0.0377469464455866,0.027127017139027303,0.6792510740879824,0.4218004640560536,0.6492542543654826,0.466589564036592,8.743986383451603e-05,0.0011686732495888204,0.0013880590298000523,0.02044126815882875,0.025868749237275813,0.020101389667438716,0.023874864466380593
primary,KIBA,cold_target,concat,,,3,0.0014909005880948151,0.038607434304653854,0.0273644353752746,0.6664560200985515,0.4410772359403836,0.664054799997289,0.470673200316144,5.7099190945315464e-05,0.0007415569836351331,0.0005593801232036789,0.0166655180452556,0.016892577223257658,0.01275491322651978,0.009621438526716689
primary,KIBA,cold_target,product,,,3,0.0015312296826423732,0.039112023826683016,0.02801997106048849,0.6690583164265202,0.4530084442939509,0.6727338303490007,0.4819485317691674,0.00011763870723385744,0.001489601367826196,0.0014437527807888767,0.0020883232456741577,0.03480296153925057,0.02562141090707693,0.02483280698030536
primary,KIBA,warm,attention,,,3,0.0007130753831461829,0.026703448954592868,0.016527922901441252,0.8443848307985861,0.21096062442175803,0.4593041152346779,0.28428324063389443,2.262133362727107e-06,4.237467939660939e-05,0.00019499804254534658,0.00036397075335353025,0.0006692435021675321,0.0007288520917918567,0.0033540013335386
primary,KIBA,warm,concat,,,3,0.0006617783230375056,0.025724233464985768,0.015811899660487305,0.8534009550878485,0.1957845854119966,0.4424614330462137,0.2719675123647469,1.2927672960784388e-05,0.0002514030919021196,0.00010182825602148109,0.0011459462875375614,0.003824602594040586,0.004324178307068641,0.0017514642815377852
primary,KIBA,warm,product,,,3,0.0006391211063610789,0.02528069198067721,0.01535064981500866,0.854396029081571,0.1890815345274898,0.4348324399012971,0.2640339322290895,5.434023695337215e-06,0.00010760580283155064,0.0001610625922238987,0.001229444100427124,0.0016076351238393349,0.001850839123729097,0.002770305496664202
sensitivity,DAVIS,cold_drug,concat,,drug_pool_mean,3,0.014116702154945855,0.11877311550386704,0.07336623718403866,0.691259565949978,0.4742114379582869,0.6883947270620152,0.4252219082375508,0.0009021216862065431,0.0038044424921886773,0.006381842299621113,0.038211304410270736,0.030304274846478817,0.022050092227715302,0.03698839227516489
sensitivity,DAVIS,cold_drug,concat,,protein_len_1000,3,0.01446572768137955,0.12027305552186547,0.06941795743593142,0.6654541950244316,0.48593598204497246,0.6970881994435308,0.4023381525321253,0.00010200574168573791,0.00042390473071383684,0.002462874930392274,0.003941420102501283,0.003426599847036415,0.002456900959127873,0.014274527600819499
sensitivity,DAVIS,cold_target,concat,,drug_pool_mean,3,0.013394924994922947,0.11571414467930635,0.06597082866784254,0.7906793466478271,0.4499653370500806,0.6706652991781811,0.3823590077787919,0.0006435645985895045,0.002782548128830047,0.00299158741757317,0.0019302074095643724,0.021618766930579077,0.01612731510457453,0.017338881741595744
sensitivity,DAVIS,cold_target,concat,,protein_len_1000,3,0.014396911871090665,0.11992014652690895,0.06570351720909313,0.7890339078468268,0.48362430584799876,0.695042781250784,0.380809702635909,0.0011821936693166375,0.004909734420824843,0.0024211668047099083,0.01015065055090648,0.03971251597707003,0.028456231633164873,0.014032792308505466
sensitivity,DAVIS,warm,concat,,drug_pool_mean,3,0.006193148214233865,0.07869607459836063,0.04324015747737111,0.8740460590608162,0.20804162954813735,0.4561130064170678,0.25061476478474876,5.317003028001765e-05,0.000337765546921806,0.0022382253038362794,0.0005606864360926842,0.001786099631388681,0.0019576485848484255,0.012972485318763112
sensitivity,DAVIS,warm,concat,,protein_len_1000,3,0.0068332594911194935,0.08264897215016781,0.0447660358476982,0.8683786587945711,0.2295443917183302,0.479023526358694,0.25945857274427775,0.0003138193232251358,0.0019000895927349074,0.0013032236809009789,0.003180850136325635,0.010541889379847123,0.011012691306742211,0.007553328093724854
sensitivity,KIBA,cold_drug,concat,,drug_pool_mean,3,0.0010984865521696833,0.03314305137477038,0.021317465902116698,0.7754656967984758,0.32485950784694406,0.5699580720481622,0.36659454282389675,1.2740278630222332e-05,0.00019247495557128406,0.00045362690060902187,0.003401156869658585,0.003767729916649538,0.003309974490715526,0.007800980989249441
sensitivity,KIBA,cold_drug,concat,,protein_len_1000,3,0.0010921620620165903,0.03304652499323297,0.02093876499391041,0.7780178973886134,0.32298914288484365,0.5682981165509828,0.36008205738363186,2.4230016022240087e-05,0.00036588499877462574,0.0003355055848166799,0.0048920942573681,0.007165632628420767,0.006292091399033871,0.005769659350951366
sensitivity,KIBA,cold_target,concat,,drug_pool_mean,3,0.0013388672863043482,0.03656329855579268,0.026634308909018013,0.6912981764633056,0.3960987651690215,0.6288952981985981,0.4581148940402903,0.00012755909638838863,0.001728793665096125,0.0018324980378520166,0.014623415581924995,0.037737870722783055,0.02973556135465861,0.0315192951807875
sensitivity,KIBA,cold_target,concat,,protein_len_1000,3,0.001407777626625805,0.03751988671019102,0.026967591691100034,0.6723233967239315,0.41648562575476983,0.6453487861599102,0.4638474177156939,1.7384508906893082e-05,0.00023149907203774792,0.0006456748593925396,0.0028003137442865525,0.005143140460244947,0.003981825592669744,0.011105723478897635
sensitivity,KIBA,warm,concat,,drug_pool_mean,3,0.0006804320397622723,0.02608425768364096,0.01607250560898919,0.8518316670544058,0.2013032161501392,0.44865391423071027,0.27644998145722577,1.3368279496953517e-05,0.00025556072377131144,0.00023272540129033072,0.0014642735550985837,0.003954954352341926,0.0043956903215053335,0.004002918675937744
sensitivity,KIBA,warm,concat,,protein_len_1000,3,0.0006539742442891886,0.025572007331111358,0.015471439613117532,0.8552198970756715,0.19347577856675446,0.4398431162192873,0.2661115384380892,1.3541393621687312e-05,0.000264628078939245,0.00018587193370290587,0.000652924073614514,0.00400616950394193,0.004551650457965883,0.0031970306233303127
